{
  "timestamp": "2025-11-04 22:51:11",
  "dataset_size": 50,
  "num_queries": 10,
  "clip": {
    "metrics": {
      "precision_at_k": {
        "1": 0.2,
        "3": 0.4666666666666666,
        "5": 0.5399999999999999,
        "10": 0.51
      },
      "recall_at_k": {
        "1": 0.02,
        "3": 0.14888888888888888,
        "5": 0.28777777777777774,
        "10": 0.5455555555555555
      },
      "hit_rate_at_k": {
        "1": 0.2,
        "3": 0.8,
        "5": 0.8,
        "10": 0.8
      },
      "map": 0.6822323200113378,
      "avg_query_time": 0.026503992080688477,
      "total_queries": 10
    },
    "collection_name": "MultimodalCLIP"
  },
  "openai": {
    "metrics": {
      "precision_at_k": {
        "1": 0.3,
        "3": 0.6333333333333333,
        "5": 0.7,
        "10": 0.72
      },
      "recall_at_k": {
        "1": 0.030000000000000006,
        "3": 0.2011111111111111,
        "5": 0.37222222222222223,
        "10": 0.7666666666666666
      },
      "hit_rate_at_k": {
        "1": 0.3,
        "3": 0.8,
        "5": 0.8,
        "10": 0.8
      },
      "map": 0.8572476733749055,
      "avg_query_time": 1.061084771156311,
      "total_queries": 10
    },
    "collection_name": "MultimodalOpenAI"
  }
}